family_x,403,433,468,481,506,543,712,815,1046,1268,1300,1653,1762,2049,2062,2070,4893,5129,5259,5268,5754,10699,28056,28067,28256,28556,31953,31957,31977,31979,31989,32011,32033,33264,33958,33986,34102,36862,40105,41294,41295,41297,45401,45404,49546,54066,54298,55176,69277,72275,72276,72294,74712,75682,75787,76892,80864,81850,81852,82115,83233,83676,84566,84642,85016,85019,85020,85021,85023,85025,85029,85030,90964,92793,93133,93681,104366,114248,118882,119045,119060,119859,124426,126387,135621,145357,171551,171552,183710,186803,186806,186817,186820,186827,186828,188786,188961,204434,206349,212743,213422,216572,224372,225058,267888,267890,316612,335928,335929,396331,413882,452563,474942,541000,543314,563798,563835,564886,742845,766764,1131492,1229489,1499392,1570339,1643826,1674805,1686313,1706371,1752198,1752202,1752204,1752220,1775411,1799696,1847725,1852621
403,3.0,,,,,,,,,,,,,,,,,,,,,,,,,,,,,,,,0.6721143805444192,,,,,,,,,,,,,,,,,,,,,,,,0.6721143805444192,,,,,,,,,,,,,,,,,,,,,0.6721143805444192,,,,,,,,,,,,,,,,,,,,,,,,,,,,,,,,,,,,,,,,,,,,,,,,,,,,,,,,,,
433,,3.0,,,,,,,,,,,,,,,,,,,,,,,,,,,,,,,,,,,,,,0.015198620116115096,,,,,,,,,,,,,,,,,,,,,,,,,,,,,,,,,,,,,,,,,,,,,,,,,,,,,,,,,,,,,,,,,,,,0.015198620116115096,,,,,,,,,,,,,,,,,,,,,,,,,,,,
468,,,512.0,0.316781099312952,,0.017024539964103334,,,,,,1.742883867044268,,,,,,,,,,,,,,,,,,,,,2.3143900831352524,,,,,,,,,,,,,,,,,,,,,,0.10153829399590691,,2.3560014838616348,,,,,,,,,,,,,,,,,,,,,1.5767509038170697,,,2.785313135787237,,,,1.5767509038170697,,,,,,,,,,,,,,,,,,,,,,,,,,,,,,,,,,,,,,,,,,,,,,,,,,,
481,,,0.01206991915442173,8.0,,,,,,,,,,,0.028419021958820463,,,,,,,,,0.15544340864972692,,,,,,,,,0.2561068277699823,,,,0.15544340864972692,,0.01769440747880173,0.044354786662881535,,0.044354786662881535,,,,0.3065377851935124,,,,,,,,0.17313781612852863,0.22233580586658871,,0.5803390204422965,,,,,,,,,,,,,,,,,0.15544340864972692,,0.15544340864972692,,0.033771021903393594,,0.04611342943762219,0.2168550310635963,,,,0.051465429382195324,,,,,,,,,,,,,,,0.17313781612852863,,,,,,,0.15544340864972692,,,,0.15109437654378546,,,,,,,,,,,,,,,,,,,,,,,,,
506,,,,,29.0,0.23236966395129688,,,,0.014824058690447294,,,0.022715493391564333,,,,,,,,,,0.018112528574045963,0.13398717547317832,,,0.014824058690447294,,,,,,1.002524169655752,,,,0.1489033870108559,0.01861177373639566,0.014916211537677576,0.04377279772960676,,,,,,0.2084239755992596,,,,,,,,0.12862510779887368,0.15814847580009558,,4.583035539757359,,,,,,,,,,,,,,,,,0.18746920202897166,,0.03756567882985267,,0.3850256360565796,,0.018112528574045963,1.1604170358578005,,,,1.621327656391065,,,,,,,,,,,,,,0.04022858635924854,0.12881115815400454,,,0.15194550615613797,,,,0.1800419839766307,,,,0.11321974999690673,,,,,,,,,,,0.014824058690447294,,,,,,,,,0.0995332434378296,,,,,
543,,,0.9787156182249176,,0.44946300929012595,272.0,,,0.5406785240949131,,,,,,,,,,,,,0.25435453746398684,,,,,,,,,,,0.7663483517342091,,,,,,,,0.017507002851051643,0.06865275458956942,,,,,,,,0.5406785240949131,,,,0.9684272537032392,,,0.475346190304901,,,0.25435453746398684,,,,,,,,,,,,,,0.01928381035929932,,,,0.6761325490659212,,0.17493353030274236,0.15007731281869915,,,,3.4835835007910236,,,,,,,,,,,,0.17493353030274236,,0.01928381035929932,,,,0.08088210861734887,,,,,,,,0.017507002851051643,,,,,,,,,,,,,,,,,,,,,,,,,
712,,,,,,,1.0,,,,,,,,,,,,,,,,,,,,,,,,,,,,,,,,,,,,,,,,,,,,,,,,,,,,,,,,,,,,,,,,,,,,,,,,,,,,,,,,,,,,,,,,,,,,,,,,,,,,,,,,,,,,,,,,,,,,,,,,,,,,,,,,,
815,,,,,,,,92.0,,,,,,,,,,,,,,,,,,,,,,,,,,,,,,,,,,,,,,,,,,,,,,,,,,,,,,,,,,,,,,,,,,,,,,,,,,,,,,,1.8282047094550662,,,,,,,,,,,,,,,,,,,,,,,,,,,,,,,,,,,,,,,,,,,,,,,,,
1046,,,,,,0.017066739367647812,,,2.0,,,,,,,,,,,,,,,,,,,,,,,,,,,,,,,,,,,,,,,,,0.017066739367647812,,,,,,,,,,,,,,,,,,,,,,,,,,,,,,,,,,,0.017066739367647812,,,,,,,,,,,,,,,,,,,,,,,,,,,,,,,,,,,,,,,,,,,,,,,,,,,
1268,,,,,0.010545941425764026,,,,,83.0,,0.2613065485276801,2.2664101964844248,0.3110354872116702,,,,,,,,,,,,,0.06027488010975411,0.04972893868399009,,,0.08879312708427746,,0.18327644048560812,,,,,,,0.08879312708427746,,,,,,,,,,,,,,,,,0.010545941425764026,,,,,,,,0.3261723331016518,0.8084585691010426,0.9884957130476861,0.08393737197556664,0.06486578457397169,0.2955149818192566,,,,,,,,,,,0.08879312708427746,,,,0.010545941425764026,0.04972893868399009,,,,,,,,,,,,,,0.08879312708427746,,,,,,,,,,,,,,,,,,,,,,0.010545941425764026,,,,0.2613065485276801,,,,,,,,,,
1300,,,,,,,,,,,37.0,,,,,,,,,,,,,,,,,,,,,,,,,,,,,,,,,,,,,,,,,,,,,,,,,,,,,,,,,,,,,,,,,,,,,,,,,,,,,,,,,,,,,,,,,,,,,,,,,,,,,,,,,,,,,,,,,,,,,,,,,,,,,
1653,,,0.2571161329557323,,,,,,,0.2856494242039594,,55.0,0.2856494242039594,0.2856494242039594,,,,,,,,,,,,,,0.9192802952879664,,,,,,,,,,,,,,,,,,,,,,,,,,,,,,,,,,,,,0.2856494242039594,,0.018391919273603976,,,0.2856494242039594,,,,,,,,,,,,,,,,,,,,,,,,,,,,,,,,,,,,,,,,,,,,,,,,,0.9008883760143624,,,,,,,0.2856494242039594,,,,,,,,,,
1762,,,,,0.029228588708630304,,,,,2.3657380682149562,,0.18121170247951557,381.0,1.875779709413011,,,,,,,,,,,,,0.13389481092450983,0.11732680136579399,,,,,0.16932051836030848,,,,,,,,,,,,,0.029228588708630304,,,,,,,,0.029228588708630304,,,0.10995411554245221,,,,,,,,0.18121170247951557,,,1.1198183517795317,,0.20397683076539977,,,,,,0.029228588708630304,,0.027542455763150744,,0.027542455763150744,,,,,0.029228588708630304,1.0671724145728643,,,,,,,,,,,,,,0.029228588708630304,,,,,,,0.029228588708630304,,,,,,,,,,,,,,,,,,,0.18121170247951557,,,,,,,,,,
2049,,,,,,,,,,0.05410688491401594,,0.04375686895149565,0.4635729937311439,14.0,,,,,,,,,,,,,0.010350015962520293,0.010350015962520293,,,,,0.010350015962520293,,,,,,,,,,,,,,,,,,,,,,,,,,,,,,,,0.04375686895149565,,,0.010350015962520293,,0.04375686895149565,,,,,,,,,,,,,,,,0.04721171714027955,,,,,,,,,,,,,,,,,,,,,,,,,,,,,,,,,,,,,,,,0.04375686895149565,,,,,,,,,,
2062,,,,0.2574481636419388,,,,,,,,,,,6.0,,,,,,,,7.972379911928432,,,,,,,,,,,,,,,,,0.39991623966082446,,,,,,,,,0.1653694208393432,,,,,,,0.09026239794518866,0.1637131911864311,,,,,0.8858146781371153,,,,,,,,,,,,,,,,0.04377009677250284,,9.918250977611448,0.09026239794518866,,,,0.8858146781371153,,,,,,,,,,,,,,,,,,,,,,,,,,,,,,,,,,,,,,,,,,,,,,0.05905922753255894,,,,,
2070,,,,,,,,,,,,,,,,0.9598571826226991,,,,,,,,,,,,,,,,,,,,,,,,,,,,,,,,,,,,,,,,,,,,,,,,,0.9598571826226991,,,0.9598571826226991,,,,,,,,,,,,,,,,,,,,,,,,,,,,,,,,,,,,,,,,,,,,,,,,,,,,,,,,,,,,,,,,,,,,
4893,,,,,,,,,,,,,,,,,1.0,,,,,,,,,,,,,,,,,,,,,,,,,,,,,,,,,,,,,,,,,,,,,,,,,,,,,,,,,,,,,,,,,,,,,,,,,,,,,,,,,,,,,,,,,,,,,,,,,,,,,,,,,,,,,,,,,,,,,,,
5129,,,,,,,,,,,,,,,,,,1.0,,,,,,,,,,,,,,,,,,,,,,,,,,,,,,,,,,,,,,,,,,,,,,,,,,,,,,,,,,,,,,,,,,,,,,,,,,,,,,,,,,,,,,,,,,,,,,,,,,,,,,,,,,,,,,,,,,,,,,
5259,,,,,,,,,,,,,,,,,,,1.0,,0.6167253579213507,,,,,,,,,,,,,,,,,,,0.33726096665604555,,,,,,,,,,,,,,,,,,,,,,,,,,,,,,,,,,,,,,,,,,,,,,,,,,,,,,,,,,,,,,,,,,,,,,,,,,,,,,,,,,,,,,,,,,,,,,,,
5268,,,,,,,,,,,,,,,,,,,,1.0,,,,,,,,,,,,,,,,,,,,,,,,,,,,,,,,,,,,,,,,,,,,,,,,,,,,,,,,,,,,,,,,,,,,,,,,,,,,,,,,,,,,,,,,,,,,,,,,,,,,,,,,,,,,,,,,,,,,
5754,,,,,,,,,,,,,,,,,,,0.8777003801612537,,5.0,,,,,,,,,,,,,,,,,,,0.9715657715069651,,0.0175301532433682,,,,,,,0.017455678694400126,,,,,,,,,,,,,,,,,,,,,,,,,,,,,,0.017455678694400126,0.0175301532433682,,,,,,,,,,,,,,,,,,,,,,,,,,,,,,,,,,,,,,,,,,,,,,,,,,,,,,,,
10699,,,,,,0.7266814675614279,,,,,,,,,,,,,,,,3.0,,,,,,,,,,,,,0.9122238490947016,,,,,,,,,,,,,,,,,,,,,,,,,0.7266814675614279,,,,,,,,,,,,,,,,,,,,,,,,,,,,,,,,,,,,,,,,,,,,,,,,,,,,,,,,,,,,,,,,,,,,,,,,,,,,
28056,,,,,0.05303624372505926,,,,,,,,,,20.45170207525398,,,,,,,,3.0,,,,,,,,,,0.07955576733133472,,,,,,,2.150009860265622,,0.013301683190783752,,,,0.05303624372505926,,,0.2026386098605735,,,,,,,0.26069098615664865,0.8157905115751058,,,,,,,,,,,,,,,,,,,,,0.26565357814827484,,30.663473289628982,0.2724209752342843,,,,0.21355179331185475,,,,,,,,,,,,,,,,,,,,,,,,,,,,,,,,,,,,,,,,,,,,,,0.16186830247800854,,,,,
28067,,,,0.06726751849682684,0.6159694461557531,,,,,,,,,,,,,,,,,,,1.0,,,,,,,,,0.05152058534029286,,,,0.7308794945214305,0.5828804654928602,,0.08388823770109297,,,,,,0.07997482838751876,,,,,,,,0.17714426429523927,0.38672580759446645,,1.233131871424936,,,,,,,,,,,,,,,,,0.08276622805384515,,0.06726751849682684,,0.12781687486370352,,0.012110744667852941,0.25406816212685945,,,,0.035866021682396554,,,,,,,,,,,,,,0.024410326604233156,0.23104364447212708,,,,,,,0.718665309766855,,,,0.4473777625179678,,,,,,,,,,,,,,,,,,,,0.07177749303324002,0.07177749303324002,,,,
28256,,,,,,,,,,,,,,,,,,,,,,,,,1.0,,,,,,,,,,,,,,,,,,,,,,,,,,,,,,,,,,,,,,,,,,,,,,,,,,,,,,,,,,,,,,,,,,,,,,,,,,,,,,,,,,,,,,,,,,,,,,,,,,,,,,,,,,,,,,,
28556,,,,,,,,,,,,,,,,,,,,,,,,,,6.0,,,,,,,,,,,,,,,,,,,,,,,,,,,,,,,,,,,,,,,,,,,,,,,,,,,,,,,,,,,,,,,,,,,,,,,,,,,,,,,,,,,,,,,,,,,,,,,,,,,,,,,,,,,,,,
31953,,,,,0.013984229290825472,,,,,0.053870806992996,,,1.0225941056287229,0.03988657770217053,,,,,,,,,,,,,265.0,1.0297906791167075,,,,,0.053870806992996,,,,,,,0.013636367327616413,,,,,,,,,,,,,,,,,0.027620596618441885,,,,,,,,,,,0.03988657770217053,,,,,,,,,,,,,,,,,0.013984229290825472,0.03988657770217053,,,,,,,,,,,,,,,,,,,,,,,,,,,,,,,,,,,,0.013984229290825472,,,,,,,,,,,,,,
31957,,,,,,,,,,0.3347578991665433,,0.9721895904139829,0.3347578991665433,0.3347578991665433,,,,,,,,,,,,,0.34481968571220095,312.0,,,,,0.3347578991665433,,,,,,,,,,,,,,,,,,,,0.41951037986719525,,,,,,,,,,,,,,0.962036938043925,0.3347578991665433,,,,,,,,,,,,,,,,,,0.3347578991665433,,,,,,,,,,,,,0.41951037986719525,,,,,,,,,,,,,,,,,,,,0.010152652370057896,,,,,,,,,,,,,,,,,
31977,,,,,,,,,,,,,,,,,,,,,,,,,,,,,1.0,,,,,,,,,,,,,,,,,,,,,,,,,,,,,,,,,,,,,,,,,,,,,,,,,,,,,,,,,,,,,,,,,,,,,,,,,,,,,,,,,,,,,,,,,,,,,,,,,,,,,,,,,,,
31979,,,,,,,,,,,,,,,,,,,,,,,,,,,,,,4.0,,,,,,,,,,,,,,,,,,,,,,,,,,,,,,,,,,,,,,,,,,,,,,,,,,,,,,,,,,,,,,,,,,,,,,,,,,,,,,,,,,,,,,,,,,,,,,0.9791333607214976,,,,,,,,,,,,
31989,,,,,,,,,,0.04929050790534087,,,,,,,,,,,,,,,,,,,,,26.0,,0.04929050790534087,,,,,,,0.04929050790534087,,,,,,,,,,,,,,,,,,,,,,,,,,,,,,,,,,,,,,,,,0.04929050790534087,,,,,,,,,,,,,,,,,,,0.04929050790534087,,,,,,,,,,,,,,,,,,,,,,,,,,,,,,,,,,,,
32011,,,,,,,,,,,,,,,,,,,,,,,,,,,,,,,,30.0,,,,,,,,,,,,,,,,,,,,,,,0.02647565762207759,,0.02647565762207759,,,,,,,,,,,,,,,,,,,,,0.02647565762207759,,,0.02647565762207759,,,,0.014174560162404816,,,,,,,,,,,,,,0.014174560162404816,,,,,,,,,,,,,,,,,,,,,,,,,,,,,,,,,,,,,
32033,0.0571223031517615,,0.28224804358749056,0.4489756956624176,2.4484759127512508,1.3981963727113782,,,,1.6494353414994236,,,1.2742845292742615,0.3475267046893163,,,,,,,,,0.8054375044111742,0.6711277628195197,,,0.37317230305546784,0.3475267046893163,,,0.7289401172518136,,154.0,,,,0.07515806623813955,0.6983259009039011,,3.0838312305878324,0.18572241039097148,0.03341272099518794,,,,0.8874716451175331,,,,,0.9607793675530264,,,1.1341684993110204,2.2251346905427787,0.014984173922285187,11.683222947554574,,,,,,,,,,0.04215533551367493,0.8948496258814587,,0.5473229211921423,,,,0.17543712541026546,,0.379434903392803,,3.1401982259645997,,1.2306939879961585,5.7694803103156405,,,,7.234161288633234,0.3475267046893163,,,,,,,,,,,,,1.24748120427094,1.3305642677145444,,,0.7004123738179624,0.4378251265717842,,,1.2249285367093092,,,,1.2033697424456715,,,,,,,,,,,0.03777477920218991,3.1227633385042353,,,,,,,,,,,,,
33264,,,,,,,,,,,,,,,,,,,,,,,,,,,,,,,,,,0.7438112551778903,,,,,,,,,,,,,,,,,,,,,,,,,,,,,,,,,,,,,,,,,,,,,,,,,,0.7438112551778903,,,,,,,,0.017415585927913188,,,,,,,,,,,,,,,,,,,,,,,,,,,,,,,,,,,,,,,,,,,,
33958,,,,,,,,,,,,,,,,,,,,,,0.08777615090529838,,,,,,,,,,,,,9.0,,,,,,,,,,,,,,,,,,,,,,,,,,,,,,,,,,,,,,,,,,,,,,,,,,,,,,,,,,,,,,,,,,,,,,,,,,,,,,,,,,,,,,,,,,,,,,,,,,,,,
33986,,,,,,,,,,,,,,,,,,,,,,,,,,,,,,,,,,,,2.0,,,,,,,,,,,,,,,,,,,,,,,,,,,,,,,,,,,,,,,,,,,,,,,,,,,,,,,,,,,,,,,,,,,,,,,,,,,,,,,,,,,,,,,,,,,,,,,,,,,,
34102,,,,0.023568129949662776,0.22703443933334713,,,,,,,,,,,,,,,,,,,0.2390535439317691,,,,,,,,,0.010506295584295326,,,,1.0,0.06260653222848211,0.5308474875639745,,,,,,,0.046879975632446516,,,,,,,,0.023568129949662776,0.04376057148745981,,0.8665739107686339,,,,,,,,,,,,,,,,,0.07381729775892745,,0.044465041433609825,,0.0222691159158383,,,0.08568964606496648,,,,,,,,,,,,,,,,,,,0.023568129949662776,,,,,,,0.12934068957793024,,,,0.0751637785557022,,,,,,,,,,,,,,,,,,,,0.023311845682783744,,,,,
36862,,,,,0.17922037129852167,,,,,,,,,,,,,,,,,,,0.4792756157800899,,,,,,,,,0.024611143326190535,,,,0.1929723340876205,1.0,,0.010109413917374032,,,,,,0.010109413917374032,,,,,,,,0.05007805674486071,0.1893297852158957,,0.8527972324541123,,,,,,,,,,,,,,,,,0.013751962789098826,,,,,,,0.06355472056130823,,,,0.026213899672552624,,,,,,,,,,,,,,0.026213899672552624,0.10924046181472648,,,,,,,0.49735855130540474,,,,0.17922037129852167,,,,,,,,,,,,,,,,,,,,,,,,,
40105,,,,0.013478786814402578,0.010449281990361029,,,,,,,,,,,,,,,,,,,,,,,,,,,,,,,,0.02660281157573257,,2.0,,,,,,,0.010449281990361029,,,,,,,,0.013478786814402578,,,0.8671635192177901,,,,,,,,,,,,,,,,,0.036112797992288614,,,,,,0.013478786814402578,0.023706080742480644,,,,0.013478786814402578,,,,,,,,,,,,,,,0.03633478605457158,,,,,,,0.013256798752119613,,,,0.012746869695847169,,,,,,,,,,,,,,,,,,0.013256798752119613,,0.010449281990361029,,,,,
41294,,0.948164933683318,,0.7739648952410638,0.030337740039473156,,,,,0.02734977312419239,,,,,2.192640452253014,,,,3.4356581391697745,,13.304618987123783,,4.701072037817587,1.083485494227876,,,0.010145771222767106,,,,0.02734977312419239,,1.362496914898275,,,,,0.18116321618039533,,675.0,,4.327851906159965,,,,0.20561586430282136,,,0.5751322591262271,,,,,0.24090866861889565,0.26421786272168124,0.860215944674229,2.456349270435931,,,0.9740674909480547,,,,,,,0.04210554106260751,,,,,,,,,,,0.53332419572702,0.5751322591262271,12.963785106936141,1.370760783251577,,,,1.23747819999288,,,,,,,,,,,,,,,0.34317227793831717,,,,,,,0.4323739403803017,1.9119917977324312,,,,,,,,,,,,,,,,,,,,,,,0.24090866861889565,2.317794342942471,,,,
41295,,,,,,0.019393854089523262,,,,,,,,,,,,,,,,,,,,,,,,,,,0.019393854089523262,,,,,,,,1.0,,,,,,,,,,,,,,,,,,,,,,,,,,,,,,,,,,,,,,,,0.019393854089523262,,,,0.019393854089523262,,,,,,,,,,,,,,,,,,,,,,,,,,0.019393854089523262,,,,,,,,,,,,,,,,,,,,,,,,,
41297,,,,0.1537037564644206,,0.013499944015421395,,,,,,,,,,,,,,,0.01253609759644517,,0.06003155193533821,,,,,,,,,,0.03119036134529627,,,,,,,0.5856655099161043,,69.0,,,,,,,,,,,,,,0.07772196926521309,0.08474052486168769,,,,,,,,,,,,,,,,,,,,,0.013499944015421395,,0.11463313595034683,,,,,0.03119036134529627,,,,,,,,,,,,,,,,,,,,,,,,0.3122612075937735,,,,,,,,,,,,,,,,,,,,,,,0.019832914100864442,,,,0.78837496064886
45401,,,,,,,,,,,,,,,,,,,,,,,,,,,,,,,,,,,,,,,,,,,2.0,,,,,,,,,,,,,,,,,,,,,,,,,,,,,,,,,,,,,,,,,,,,,,,,,,,,,,,,,,,,,,,,,,,,,,,,,,,,,,,,,,,,,,,,,,,,,
45404,,,,,,,,,,,,,,,,,,,,,,,,,,,,,,,,,,,,,,,,,,,,1.0,,,,,,,,,,,,,,,,,,,,,,,,,,,,,,,,,,,,,,,,,,,,,,,,,,,,,,,,,,,,,,,,,,,,,,,,,,,,,,,,,,,,,,,,,,,,
49546,,,,,,,,,,,,,,,,,,,,,,,,,,,,,,,,,,,,,,,,,,,,,99.0,,,,,,,,,,,,,,,,,,,,,,,,,,,,,,,,,,,,,,,,,,0.9676963543617622,,,,,,,,,,,,,,,,,,,,,,,,,,,,,,,,,,,,,,,,,,,,,,,,,
54066,,,,0.3428440060383237,0.19130340432191711,,,,,,,,0.0438592405191916,,,,,,,,,,0.02436403661389933,0.07461418513504514,,,,,,,,,0.10922777242483828,,,,0.10733576914936797,0.014355096314290513,0.055118342065469034,0.055208390914479245,,,,,,4.975243006698187,,,,,,,,0.2041819891362661,0.0505314721968343,,4.975243006698187,,,,,,,,,,,,,,,,,0.1317626894044463,,0.09607666760309054,,0.057088145266037754,,0.02436403661389933,0.21627055017185046,,,,0.08766420590868904,,,,,,,,,,,,,,,0.13282852196852726,,,,,,,0.34512312664647,,,,0.4127225475484105,,,,,,,,,,,,,,,,,,,,0.07077183259654542,,,,,
54298,,,,,,,,,,,,,,,,,,,,,,,,,,,,,,,,,,,,,,,,,,,,,,,2.0,,,,,,,,,,,,,,,,,,,,,,,,,,,,,,,,,,,,,,,,,,,,,,,,,,,,,,,,,,,,,,,,,,,,,,,,,,,,,,,,,,,,,,,,,
55176,,,,,,,,,,,,,,,,,,,,,,,,,,,,,,,,,,,,,,,,,,,,,,,,7.0,,,,,,,,,,,,,,,,,,,,,,,,,,,,,,,,,,,,,,,,,,,,,,,,,,,,,,,,,,,,,,,,,,,,,,,,,,,,,,,,,,,,,,,,
69277,,,,,,,,,,,,,,,0.02733837946210901,,,,,,0.07625368530270303,,0.02733837946210901,,,,,,,,,,,,,,,,,0.07625368530270303,,,,,,,,,4.0,,,,,,,,,,,,,,,,,,,,,,,,,,,,,,0.07625368530270303,0.02733837946210901,,,,,,,,,,,,,,,,,,,,,,,,,,,,,,,,,,,,,,,,,,,,,,,,,,,,,,,,
72275,,,,,,0.021211767969055877,,,0.021211767969055877,,,,,,,,,,,,,,,,,,,,,,,,,,,,,,,,,,,,,,,,,3.0,,,,,,,,,,,,,,,,,,,,,,,,,,,,,,,,,,,0.021211767969055877,,,,,,,,,,,,,,,,,,,,,,,,,,,,,,,,,,,,,,,,,,,,,,,,,,,
72276,,,,,,,,,,,,,,,,,,,,,,,,,,,,,,,,,0.03916394729086667,,,,,,,,,,,,,,,,,,1.0,,,,,,,,,,,,,,,,,,,,,,,,,,,0.017358807251910434,,,,,,,,,,,,,,,,,,,,,,,,,,,,,,,,,,,,,,,,,,,,,,,,,,,,,,,,,,
72294,,,,,,,,,,,,,,,,,,,,,,,,,,,,,,,,,,,,,,,,,,,,,,,,,,,,4.0,,,,,,,,,,,,,,,,,,,,,,,,,,,,,,,,,,,,,,,,,,,,,,,,,,,,,,,,,,,,,,,,,,,,,,,,,,,,,,,,,,,,
74712,,,,,,,,,,,,,,,,,,,,,,,,,,,,0.021739213683366333,,,,,,,,,,,,,,,,,,,,,,,,,1.0,,,,,,,,,,,,,,,,,,,,,,,,,,,,,,,,,,,,,,,,,,,,,,0.021739213683366333,,,,,,,,,,,,,,,,,,,,,,,,,,,,,,,,,,,,,
75682,,,,0.08573180997323537,0.511862745522424,0.06953660984323382,,,,,,,0.021417182841314462,,,,,,,,,,,0.40385542235780164,,,,,,,,,0.5156954629352295,,,,0.05501056216963497,0.3473210563845888,0.0307212478036004,0.03989026145338198,,,,,,0.47683055781751105,,,,,,,,20.0,0.09197807813237702,,1.3344144846810262,,,,,,,,,,,,,,,,,0.3048581848443195,,0.10985242547470689,,1.3252412418429735,,0.0307212478036004,1.6432886789391545,,,,0.13633776454181612,,,,,,,,,,,,,,0.05668474033268463,0.566044038049891,,,,,,,0.47847582524689414,,,,0.4505146944176976,,,,,,,,,,,,0.07174169434194967,,,,,,,,1.0258843322626285,0.03989026145338198,,,,
75787,,,0.06751075297995991,0.3455596179898311,0.2682934618855787,,,,,,,,,,,,,,,,,,,0.07221189398251897,,,,,,,,0.013461117970340605,1.0257831820822028,,,,0.01388128832707529,0.04744638958060789,,0.0684045095987213,,,,,,0.06056943108621131,,,,,,,,0.2034894869023807,14.0,,1.572845568407981,,,,,,,,,,,,,,,,,,,0.1712663969687081,,0.11443576698065691,,,0.3750613497100975,,,,0.8836779546808177,,,,,,,,,,,,,,0.05833060565544367,0.26316210387768435,,,,,,,0.8595553303946506,,,,0.01388128832707529,,,,,,,,,,,,,,,,,,,,,,,,,
76892,,,,,,,,,,,,,,,0.012087955159993634,,,,,,,,0.0325178833385198,,,,,,,,,,0.021814759036778264,,,,,,,1.0090954849019822,,0.04224468721530443,,,,,,,,,,,,,,29.0,0.061251089431558936,,,0.02734837523478704,,,,,,,,,,,,,,,,,,,,0.0325178833385198,0.012087955159993634,,,,1.0383678045392701,,,,,,,,,,,,,,0.02734837523478704,,,,,,,,,,,,,,,,,,,,,,,,0.6514880743571835,,,,,,,,,,0.02734837523478704,,,
80864,0.03947729328892045,,2.1022664838829517,2.613080412711227,28.93665095615552,4.70827693305178,,,,0.046682392302348316,,,1.2298107719912936,,0.5705294152066954,,,,,,,,2.0082070167189,7.418064778055824,,,0.9980589769267566,,,,,0.7797428593258996,29.287695813245065,,,,5.930272422490924,6.5672781866776,11.185889295202662,10.91498689704378,,3.8524125089847003,,,,19.27084425425372,,,,,,,,10.510788426640888,10.891679442734821,0.6619528569728741,4837.0,,,0.23748642588998864,,,,0.8262944760885232,,,0.06476787517465633,,,,,,,12.975144650953236,,3.054352727188031,,93.43251110799366,,2.893576354820832,57.19870075074454,,,,26.338013668261855,,,,,,,,,,,,,,6.80495952020451,9.886954790555668,,,1.413082789002739,0.23747697856126,,,19.370218461543477,,,,7.489870635716982,,,,,,,,,,,0.9562825833392303,2.3343504865195617,,,,,,0.41610757808684085,,31.18899120056479,0.39214903943702284,0.23748642588998864,,,
81850,,,,,,,,,,,,,,,,,,,,,,,,,,,,,,,,,,,,,,,,,,,,,,,,,,,,,,,,,,1.0,,,,,,,,,,,,,,,,,,,,,,,,,,,,,,,,,,,,,,,,,,,,,,,,,,,,,,,,,,,,,,,,,,,,,,,,,,,,,,
81852,,,,,,,,,,,,,,,,,,,,,,,,,,,,,,,,,,,,,,,,,,,,,,,,,,,,,,,,,,,1.0,,,,,,,,,,,,,,,,,,,,,,,,,,,,,,,,,,,,,,,,,,,,,,,,,,,,,,,,,,,,,,,,,,,,,,,,,,,,,
82115,,,,,,0.01896399497458516,,,,,,,,,,,,,,,,0.01896399497458516,,,,,,,,,,,,,,,,,,0.025932509051945437,,,,,,,,,,,,,,,,0.14826943344812538,0.14826943344812538,,,10.0,,,,,,,,,,,,,,,,,,,,,,,,,0.14826943344812538,,,,,,,,,,,,,,0.14826943344812538,,,,,,,,,,,,,,,,,,,,,,,,,,,,,,,,,,0.14826943344812538,,,
83233,,,,,,,,,,,,,,,,,,,,,,,,,,,,,,,,,,,,,,,,,,,,,,,,,,,,,,,,,,,,,1.0,,,,,,,,,,,,,,,,,,,,,,,,,,,,,,,,,,,,,,,,,,,,,,,,,,,,,,,,,,,,,,,,,,,,,,,,,,,
83676,,,,,,,,,,,,,,,0.05136093606168588,,,,,,,,,,,,,,,,,,,,,,,,,,,,,,,,,,,,,,,,,,,,,,,2.0,,,,,,,,,,,,,,,,,,,,,,,0.05136093606168588,,,,,,,,,,,,,,,,,,,,,,,,,,,,,,,,,,,,,,,,,,,,,,,,,,,
84566,,,,,,,,,,,,,,,,,,,,,,,,,,,,,,,,,,,,,,,,,,,,,,,,,,,,,,,,,,,,,,,1.0,,,,,,,,,,,,,,,,,,,,,,,,,,,,,,,,,,,,,,,,,,,,,,,,,,,,,,,,,,,,,,,,,,,,,,,,,
84642,,,,,,,,,,,,,,,,,,,,,,,,,,,,,,,,,,,,,,,,,,,,,,,,,,,,,,,,,0.1737055239114768,,,,,,,3.0,,,,,,,,,,,,,,,,,,,,,0.429170274993748,,,,,,,,,,,,,,,,,,,,,,,,,,,,,,,,,,,,,,,,,,,,,,,,,,,
85016,,,,,,,,,,0.10270454818091199,,0.02229074187049052,0.02229074187049052,0.02229074187049052,,0.012090146412592987,,,,,,,,,,,,,,,,,,,,,,,,,,,,,,,,,,,,,,,,,,,,,,,,,0.8923246297577357,,,0.012090146412592987,0.8579437414746522,0.02229074187049052,,,,,,,,,,,,,,,,,,,,,,,,,,,,,,,,,,,,,,,,,,,,,,,,,,,,,,,,0.02229074187049052,,,,,,,,,,
85019,,,,,,,,,,0.19154143089895734,,,,,,,,,,,,,,,,,,,,,,,,,,,,,,,,,,,,,,,,,,,,,,,,,,,,,,,,1.0,,,,,,,,,,,,,,,,,,,,,,,,,,,,,,,,,,,,,,,,,,,,,,,,,,,,,,,,,,,,,,,,,,,,,,
85020,,,,,,,,,,0.010217583802515107,,0.019571142682471013,,,,,,,,,,,,,,,,0.019571142682471013,,,,,0.010692330955503803,,,,,,,0.010692330955503803,,,,,,,,,,,,,,,,,0.010692330955503803,,,,,,,,,,19.0,,,,,,,,,,,0.010692330955503803,,0.010692330955503803,,,,,,,,,,,,,,,,,,,,,,,,,,,,,,,,,,,,,,,,,,,,,,,,,,,,,,,,
85021,,,,,,,,,,0.4165241501186817,,,0.42754644763033034,0.060525320406104394,,0.0214509908606827,,,,,,,,,,,0.060525320406104394,0.060525320406104394,,,,,0.4165241501186817,,,,,,,,,,,,,,,,,,,,,,,,,,,,,,,,0.0214509908606827,,,7.0,,0.35599882971257735,,,,,,,,,,,,,,,,0.060525320406104394,,,,,,,,,,,,,,,,,,,,,,,,,,,,,,,,,,,,,,,,,,,,,,,,,,
85023,,,,,,,,,,0.8547204091156069,,,,,,,,,,,,,,,,,,,,,,,,,,,,,,,,,,,,,,,,,,,,,,,,,,,,,,,1.077190473951376,,,,17.0,,,,,,,,,,,,,,,,,0.9717639182477502,,,,,,,,,,,,,,,,,,,,,,,,,,,,,,,,,,,,,,,,,,,,,,,,,,
85025,,,,,,,,,,0.028852548069982824,,0.016694250960386105,0.028852548069982824,0.016694250960386105,,,,,,,,,,,,,,,,,,,0.012158297109596717,,,,,,,,,,,,,,,,,,,,,,,,,,,,,,,,0.016694250960386105,,,0.012158297109596717,,7.0,,,,,,,,,,,,,,,,,,,,,,,,,,,,,,,,,,,,,,,,,,,,,,,,,,,,,,,,0.016694250960386105,,,,,,,,,,
85029,,,,,,,,,,,,,,,,,,,,,,,,,,,,,,,,,,,,,,,,,,,,,,,,,,,,,,,,,,,,,,,,,,,,,,,2.0,,,,,,,,,,,,,,,,,,,,,,,,,,,,,,,,,,,,,,,,,,,,,,,,,,,,,,,,,,,,,,,,,
85030,,,,,,,,,,,,,,,,,,,,,,,,,,,,,,,,,,,,,,,,,,,,,,,,,,,,,,,,,,,,,,,,,,,,,,,,2.0,,,,,,,,,,,,,,,,,,,,,,,,,,,,,,,,,,,,,,,,,,,,,,,,,,,,,,,,,,,,,,,,
90964,,,,,,,,,,,,,,,,,,,,,,,,,,,,,,,,,,,,,,,,,,,,,,,,,,,,,,,,,,,,,,,,,,,,,,,,,39.0,,,,,,,,,,,,,,,,,0.6019154054378024,,,,,,,,,,,,,,,,,,,,,,,,,,,,,,,,,,,,,,,,,,,,,,
92793,,,,0.06251663259039282,0.1467211113530978,0.023515251342513373,,,,,,,,,,,,,,,,,,0.10070427347480167,,,,,,,,,0.12172962799208312,,,,0.7047957153566299,0.5793089200112685,0.691092487527141,,,,,,,0.07741635449184132,,,,,,,,0.29550860303230936,,,2.4328872906428933,,,,,,,,,,,,,,,,,11.0,,0.08729915446095243,,0.37959331555680254,,,0.5319340265180406,,,,0.014818929941164613,,,,,,,,,,,,,,0.03540076730968878,0.4802296394658519,,,,,,,1.1845215689465745,,,,0.3550662481139943,,,,,,,,,,,,0.17740885316738686,,,,,,0.3197297687128565,,0.05024350533867099,,,,,
93133,,,,,,,,,,,,,,,,,,,,,,,,,,,,,,,,,,,,,,,,,,,,,,,,,,,,,,,,,,,,,,,,,,,,,,,,,,,1.0,,,,,,,,,,,,,,,,,,,,,,,,,,,,,,,,,,,,,,,,,,,,,,,,,,,,,,,,,,,,,
93681,,,,0.014961655934290309,0.022484185473905585,,,,,,,,0.012013845696166134,,,,,,,,,,,0.014961655934290309,,,,,,,,,0.012013845696166134,,,,0.030529331039930982,,,,,,,,,0.026975501630456443,,,,,,,,0.037445841408195894,0.010470339777739451,,0.3339156937117089,,,,,,,,,,,,,,,,,0.030529331039930982,,1.0,,,,,0.02543199571202976,,,,0.022484185473905585,,,,,,,,,,,,,,,0.06872284938779394,,,,,,,0.4900588486634043,,,,0.4365687796104828,,,,,,,,,,,,,,,,,,,,,,,,,
104366,,,,,,,,,,,,,,,,,,,,,,,,,,,,,,,,,,,,,,,,,,,,,,,,,,,,,,,,,,,,,,,,,,,,,,,,,,,,,1.0,,,,,,,,,,,,,,,,,,,,,,,,,,,,,,,,,,,,,,,,,,,,,,,,,,,,,,,,,,,
114248,0.22950699043357964,,0.8724137600483372,1.0983365472894393,5.609386244723797,1.4655615212945934,,,,,,,0.7535169972720435,,0.04053089928552925,,,,,,,,0.04053089928552925,2.629111190859942,,,,,,,,0.13972666137452786,12.568802099599685,,,,0.7386767237553082,,,2.293557897674395,,0.10155085951781803,,,,0.9564856579910592,,,,,0.9778545224857457,,,2.4344243707613096,1.2820696890925445,,84.37141661001078,,,,,,,,,,0.7774490975801948,,,,,,,4.48488452270944,,,,377.0,,1.5714969941377674,21.260941672017395,,,,5.417336508006276,,,,,,,,,,,,,,11.627536076155105,0.49215201180072865,,,,,,,2.331230820639024,,,,2.5895278281000786,,,,,,,,,,,2.1105455430655375,,,,,,,,,0.8775929856430857,,,,,
118882,,,,,,,,,,,,,,,,,,,,,0.33115837687666994,,,,,,,,,,,,,,,,,,,0.33115837687666994,,,,,,,,,0.33115837687666994,,,,,,,,,,,,,,,,,,,,,,,,,,,,,,2.0,,,,,,,,,,,,,,,,,,,,,,,,,,,,,,,,,,,,,,,,,,,,,,,,,,,,,,,,,
119045,,,,0.7422519070998898,0.6648861028615412,0.8130779713039602,,,,,,,0.1793252278768587,,68.39830369443676,,,,,,0.03222473667074712,,82.82283338628837,0.08117313179143129,,,,,,,,,0.8300849327932871,,,,,,0.0281190927006488,9.853812017134688,,1.8971880597083597,,,,0.6648861028615412,,,0.5950000044569469,,,,,0.0281190927006488,,0.43470167437552526,2.9400670355371994,,,,,,,,,,0.013080482647748417,,,,,,,,,,,0.839657442181382,,57.0,1.1110841809699858,,,,2.0806704056417513,,,,,,,,,,,,0.8130779713039602,,,0.0281190927006488,,,,,,,,,,,,,,,,,,,,,,,,,,,,,,,0.6999435113754828,0.8130276326887206,,,,
119060,,,1.1935923830791189,1.1457979808483998,2.191272628576726,0.3073770744136893,,,,0.04796471344239418,,,,,0.014137432750548167,,,,,,,,0.18642058749613766,0.5444065667512796,,,,,,,0.04796471344239418,0.018429644851959012,5.151238281371555,,,,0.34392845790639825,0.0878023076404189,0.0579616970215456,0.3289832308576573,0.011692459447197058,,,,,1.1496085641301506,,,,,,,,1.0792184473980593,1.9035892951075613,0.014137432750548167,19.073864612861602,,,,,,,,,,,,,,,,,0.5009791134557808,,0.26607293497287443,,4.358018385285373,,0.33971786883374105,179.0,,,,4.308543636655877,,,,,,,,,,,,,,0.40379591348706123,0.5541866981335793,,,0.12346225455018534,,,,1.4256189813838338,,,,0.2797788376476936,,,,,,,,,,,0.05499442856427499,0.9455828527577387,,,,,,0.039221551689145366,,0.09782060080283063,,,,,
119859,,,,,,,,,,,,,,,,,,,,,,,,,,,,,,,,,,,,,,,,,,,,,,,,,,,,,,,,,,,,,,,,,,,,,,,,,,,,,,,,,,1.0,,,,,,,,,,,,,,,,,,,,,,,,,,,,,,,,,,,,,,,,,,,,,,,,,,,,,,
124426,,,,,,,,,,,,,,,,,,,,,,,,,,,,,,,,,,,,,,,,,,,,,,,,,,,,,,,,,,,,,,,,,,,,,,,,,,,,,,,,,,,1.0,,,,,,,,,,,,,,,,,,,,,,,,,,,,,,,,,,,,,,,,,,,,,,,,,,,,,
126387,,,,,,,,,,,,,,,,,,,,,,,,,,,,,,,,,,0.28813052758062896,,,,,,,,,,,,,,,,,,,,,,,,,,,,,,,,,,,,,,,,,,,,,,,,,,3.0,,,,,,,,0.014526196830606145,,,,,,,,,,,,,,,,,,,,,,,,,,,,,,,,,,,,,,,,,,,,
135621,,,0.24778117218114082,0.43668208799559216,3.7648944180493924,3.327633174400819,,,0.39705946509511514,0.8374108365697577,,,0.15583296606727273,,0.053265925495580825,,,,,,,,0.2200106492318962,0.15848319882430395,,,0.8374108365697577,,,,,0.1896112717270795,16.10686790880584,,,,,0.6262220768077563,0.05899020735536054,0.26100361431869834,0.6870327907267435,0.8171750969441444,,,,0.4249984207052037,,,,0.39705946509511514,,,,0.7099363444864721,2.254036056633066,0.8534657817412088,11.739619245879078,,,0.09105988543298853,,0.053265925495580825,,0.5675569634842156,,,,,,,,,,0.04062845892591127,,0.48814660412478494,,1.438333051681194,,1.0785029086375384,5.983795607200073,,,,335.0,,,,,,,,,,,,,,1.2512644079956858,1.5498514896109281,,,0.4815939628376048,,,,1.1299629778683529,0.9229094152704406,,,1.6721394369526892,,,,,,,,,,,0.8374108365697577,,,,,,,,,,,0.09105988543298853,,,
145357,,,,,,,,,,0.023244866573936002,,,0.03594593579269505,0.03594593579269505,,,,,,,,,,,,,0.023244866573936002,0.023244866573936002,,,,,0.023244866573936002,,,,,,,,,,,,,,,,,,,,,,,,,,,,,,,,,,,0.023244866573936002,0.02635986846439504,,,,,,,,,,,,,,,,,9.0,,,,,,,,,,,,,,,,,,,,,,,,,,,,,,,,,,,,,,,,,,,,,,,,,,
171551,,,,,,,,2.1717952905449334,,,,,,,,,,,,,,,,,,,,,,,,,,,,,,,,,,,,,0.010718286356941999,,,,,,,,,,,,,,,,,,,,,,,,,,,,,,,,,,,,,,,,,,20.0,0.06607087934403871,,,,,,,,,,,,,,,,,,,,,,,,,,,,,,,,,,,,,,,,,,,,,,,,
171552,,,,,,,,,,,,,,,,,,,,,,,,,,,,,,,,,,,,,,,,,,,,,,,,,,,,,,,,,,,,,,,,,,,,,,,,,,,,,,,,,,,,,,,0.9339291206559612,55.0,,,,,,,,,,,,,,,,,,,,,,,,,,,,,,,,,,,,,,,,,,,,,,,,
183710,,,,,,,,,,,,,,,,,,,,,,,,,,,,,,,,,,,,,,,,,,,,,,,,,,,,,,,,,,,,,,,,,,,,,,,,,,,,,,,,,,,,,,,,,8.0,,,,,,,,,,,,,,,,,,,,,,,,,,,,,,,,,,,,,,,,,,,,,,,
186803,,,,,,,,,,,,,,,,,,,,,,,,,,,,,,,,,,,,,,,,,,,,,,,,,,,,,,,,,,,,,,,,,,,,,,,,,0.39808459456219764,,,,,,,,,,,,,,,,,27.0,0.9142925767329145,,,,,,,,,,,,,,,,,,,,,,,1.7098640104122944,,,,,,,,,,,,,,,,,,,,,,
186806,,,,,,,,,,,,,,,,,,,,,,,,,,,,,,,,,,,,,,,,,,,,,,,,,,,,,,,,,,,,,,,,,,,,,,,,,,,,,,,,,,,,,,,,,,0.0857074232670854,1.0,,,,,,,,,,,,,,,,,,,,,,,,,,,,,,,,,,,,,,,,,,,,,
186817,,,,,,,,,,,,,,,,,,,,,,,,,,,,,,,,,,0.9680582172414806,,,,,,,,,,,,,,,,,,,,,,,,,,,,,,,,,,,,,,,,,,,,,,,,,,0.9680582172414806,,,,,,,,3.0,,,,,,,,,,,,,,,,,,,,,,,,,,,,,,,,,,,,,,,,,,,,
186820,,,,,,,,,,,,,,,,,,,,,,,,,,,,,,,,,,,,,,,,,,,,,,,,,,,,,,,,,,,,,,,,,,,,,,,,,,,,,,,,,,,,,,,,,,,,,1.0,,,,,,,,,,,,,,,,,,,,,,,,,,,,,,,,,,,,,,,,,,,
186827,,,,,,,,,,,,,,,,,,,,,,,,,,,,,,,,,,,,,,,,,,,,,,,,,,,,,,,,,,,,,,,,,,,,,,,,,,,,,,,,,,,,,,,,,,,,,,2.0,,,,,,,,,,,,,,,,,,,,,,,,,,,,,,,,,,,,,,,,,,
186828,,,,,,,,,,,,,,,,,,,,,,,,,,,,,,,,,,,,,,,,,,,,,,,,,,,,,,,,,,,,,,,,,,,,,,,,,,,,,,,,,,,,,,,,,,,,,,,4.0,,,,,,,,,,,,,,,,,,,,,,,,,,,,,,,,,,,,,,,,,
188786,,,,,,,,,,,,,,,,,,,,,,,,,,,,,,,,,,,,,,,,,,,,,,,,,,,,,,,,,,,,,,,,,,,,,,,,,,,,,,,,,,,,,,,,,,,,,,,,35.0,,,,,,,,,,,,,,,,,,,,,,,,,,,,,,,,,,,,,,,,
188961,,,,,,0.011988498393297391,,,,,,,,,,,,,,,,,,,,,,,,,,,,,,,,,,,,,,,,,,,,,,,,,,,,,,,,,,,,,,,,,,,,,,,,,,0.011988498393297391,,,,,,,,,,,,,,,,,2.0,,,,,,,,,,,,,,,,,,,,,,,,,,,,,,,,,,,,,,,
204434,,,,,,,,,,,,,,,,,,,,,,,,,,,,,,,,,,,,,,,,,,,,,,,,,,,,,,,,,,,,,,,,,,,,,,,,,,,,,,,,,,,,,,,,,,,,,,,,,,1.0,,,,,,,,,,,,,,,,,,,,,,,,,,,,,,,,,,,,,,
206349,,,,,0.042596557725428516,0.042596557725428516,,,,,,,,,,,,,,,,,,0.025542335506741967,,,,0.5587504064494384,,,,0.7775313094854013,1.1201174131170295,,,,,0.05545212149757327,,,,,,,,,,,,,,,0.5587504064494384,0.042596557725428516,0.025542335506741967,0.07042132771430973,2.096015870984575,,,0.07042132771430973,,,,,,,,,,,,,,0.07753219023362479,,,,0.7176926699620692,,,0.08408219937371136,,,,0.9536581368247738,,,,,,,,,,,,,,14.0,0.7706180937748406,,,,0.2406182447467781,,,0.09693776314585612,,,,,,,,,,,,,,,,0.8794991683702515,,,,,,,,,,0.07042132771430973,,,
212743,,,,0.06058303232856488,0.07942931434040804,,,,,0.05766176119198153,,,0.019562369546114212,,,,,,,,,,,0.3515727597604346,,,,,,,0.05766176119198153,,0.10664825028846572,,,,0.036256162420316665,0.1632199470726984,0.14584165179718953,0.09420349567219896,,,,,,0.21255333300342855,,,,,,,,0.3186594093389574,0.055451354190105384,,0.7734302262202611,,,,,,,,,,,,,,,,,0.21706631525616987,,0.373743218711468,,0.032905089643853025,,0.02432686990824821,0.37374871531767107,,,,0.11781469499178711,,,,,,,,,,,,,,0.2803798989969139,3.0,,,,,,,0.8062269528129187,,,,0.035791431366412524,,,,,,,,,,,,,,,,,,,,,,,,,
213422,,,,,,,,,,,,,,,,,,,,,,,,,,,,,,,,,,,,,,,,,,,,,,,,,,,,,,,,,,,,,,,,,,,,,,,,,,,,,,,,,,,,,,,,,,,,,,,,,,,,,1.0,,,,,,,,,,,,,,,,,,,,,,,,,,,,,,,,,,,
216572,,,,,,,,,,,,,,,,,,,,,,,,,,,,,,,,,,,,,,,,,,,,,,,,,,,,,,,,,,,,,,,,,,,,,,,,,,,,,,,,,,,,,,,,,,,,,,,,,,,,,,1.0,,,,,,,,,,,,,,,,,,,,,,,,,,,,,,,,,,
224372,,,,,0.045382760623144835,0.045382760623144835,,,,,,,,,,,,,,,,,,,,,,,,,,,0.045382760623144835,,,,,,,,,,,,,,,,,,,,,,,,0.045382760623144835,,,,,,,,,,,,,,,,,,,,,,,,0.03242427961223285,,,,0.045382760623144835,,,,,,,,,,,,,,,,,,4.0,,,,,,,,,,,,,,,,,,,,,,,,,,,,,,,,,
225058,,,,,,,,,,,,,,,,,,,,,,,,,,,,,,,,,0.08407965012017757,,,,,,,,,,,,,,,,,,,,,,,,0.08407965012017757,,,,,,,,,,,,,,,,,,,,,,,,,,,,,,,,,,,,,,,,,,0.08407965012017757,,,,,5.0,,,,,,,,,,,,,,,,,,,,,,,,,,,,,,,,
267888,,,,,,,,,,,,,,,,,,,,,,,,,,,,,,,,,,,,,,,,,,,,,,,,,,,,,,,,,,,,,,,,,,,,,,,,,,,,,,,,,,,,,,,,,,,,,,,,,,,,,,,,,1.0,,,,,,,,,,,,,,,,,,,,,,,,,,,,,,,
267890,,,,,,,,,,,,,,,,,,,,,,,,,,,,,,,,,,,,,,,,,,,,,,,,,,,,,,,,,,,,,,,,,,,,,,,,,,,,,,,,,,,,,,,,,,,,,,,,,,,,,,,,,,1.0,,,,,,,,,,,,,,,,,,,,,,,,,,,,,,
316612,,,,0.015476105892071733,0.29137051940295183,,,,,,,,0.05398506220009283,,,,,,,,,,,1.3809640953997162,,,,,,,,,0.8957824767383475,,,,0.49195846691916806,0.9440861506181779,0.1877632330365835,0.31073291871838526,,,,,,0.28469669901813643,,,,,,,,0.49497649744691574,0.35397189711285704,,3.899672452877166,,,,,,,,,,,,,,,,,0.858436087005677,,1.3388586782188363,,0.3645047441372688,,,1.4304155604249575,,,,0.6640923912513222,,,,,,,,,,,,,,0.19536614880422695,2.646180509865408,,,,,,,2.0,,,,1.5424821254896663,,,,,,,,,,,,,,,,,,0.1877632330365835,,0.187666264527786,0.187666264527786,,,,
335928,,0.027751471083504408,,,,,,,,,,,,,,,,,,,,,,,,,,,,,,,,,,,,,,0.05770363853944613,,,,,,,,,,,,,,,,,,,,,,,,,,,,,,,,,,,,,,,,,,,,,0.07709058472955947,,,,,,,,,,,,,,,,,,,,,,,1.0,,,,,,,,,,,,,,,,,,,,,,,,,,,,
335929,,,,,,,,,,,,,,,,,,,,,,,,,,,,,,,,,,,,,,,,,,0.6877387924062265,,,,,,,,,,,,,,,,,,,,,,,,,,,,,,,,,,,,,,,,,,,,,,,,,,,,,,,,,,,,,,,,,,,4.0,,,,,,,,,,,,,,,,,,,,,,,,,,,
396331,,,,,,,,,,,,,,,,,,,,,,,,,,,,,,,,,,,,,,,,,,,,,,,,,,,,,,,,,,,,,,,,,,,,,,,,,,,,,,,,,,,,,,,,,,,,,,,,,,,,,,,,,,,,,,1.0,,,,,,,,,,,,,,,,,,,,,,,,,,
413882,,,,0.25223578457596724,0.893089727144162,0.05143735000966117,,,,,,,,,,,,,,,,,,1.4624556406198883,,,,,,,,,0.1560283303595896,,,,0.23599517955782262,0.09874879777700052,0.019231702743462944,,0.05143735000966117,,,,,0.35820328604353296,,,,,,,,0.7350830896647585,0.09874879777700052,,2.7870251204435847,,,,,,,,,,,,,,,,,0.8093359045187398,,0.4956452564452556,,0.1537384430708031,,,0.249585320009114,,,,0.06453936018121506,,,,,,,,,,,,,,,0.4313135413731905,,,,,,,1.6391435103347147,,,,2.0,,,,,,,,,,,,,,,,,,,,,,,,,
452563,,,,,,,,,,,,,,,,,,,,,,,,,,,,,,,,,,,,,,,,,,,,,,,,,,,,,,,,,,,,,,,,,,,,,,,,,,,,,,,,,,,,,,,,,,,,,,,,,,,,,,,,,,,,,,,,2.0,,,,,,,,,,,,,,,,,,,,,,,,
474942,,,,,,,,,,,,,,,,,,,,,,,,,,,,,,,,,,,,,,,,,,,,,,,,,,,,,,,,,,,,,,,,,,,,,,,,,,,,,,,,,,,,,,,,,,,,,,,,,,,,,,,,,,,,,,,,,1.0,,,,,,,,,,,,,,,,,,,,,,,
541000,,,,,,,,,,,,,,,,,,,,,,,,,,,,,,,,,,,,,,,,,,,,,,,,,,,,,,,,,,,,,,,,,,,,,,,,,,,,,,,,,,,,,,,,,,1.2901359895877056,,,,,,,,,,,,,,,,,,,,,,,,10.0,,,,,,,,,,,,,,,,,,,,,,
543314,,,,,,,,,,,,,,,,,,,,,,,,,,,,,,,,,,,,,,,,,,,,,,,,,,,,,,,,,,,,,,,,,,,,,,,,,,,,,,,,,,,,,,,,,,,,,,,,,,,,,,,,,,,,,,,,,,,0.5666331643685409,,,,,,,,,0.5666331643685409,,,,,,,,,,,,
563798,,,,,,,,,,,,,,,,,,,,,,,,,,,,,,,,,,,,,,,,,,,,,,,,,,,,,,,,,,,,,,,,,,,,,,,,,,,,,,,,,,,,,,,,,,,,,,,,,,,,,,,,,,,,,,,,,,,,1.0,,,,,,,,,,,,,,,,,,,,
563835,,,,,,,,,,,,,,,,,,,,,,,,,,,,,,,,,,,,,,,,,,,,,,,,,,,,,,,,,,,,,,,,,,,,,,,,,,,,,,,,,,,,,,,,,,,,,,,,,,,,,,,,,,,,,,,,,,,,,1.0,,,,,,,,,,,,,,,,,,,
564886,,,,,,,,,,,,,,,,,,,,,,,,,,,,,,,,,,,,,,,,,,,,,,,,,,,,,,,,,,,,,,,,,,,,,,,,,,,,,,,,,,,,,,,,,,,,,,,,,,,,,,,,,,,,,,,,,,,,,,1.0,,,,,,,,,,,,,,,,,,
742845,,,,,,,,,,,,0.08099611584890182,,,,,,,,,,,,,,,,0.08099611584890182,,,,,,,,,,,,,,,,,,,,,,,,,,,,,,,,,,,,,,,,,,,,,,,,,,,,,,,,,,,,,,,,,,,,,,,,,,,,,,,,,,,,,,,,,,,17.0,,,,,,,,,,,,,,,,,
766764,,,,,,,,,,,,,,,,,,,,,,,,,,,,,,,,,,,,,,,,,,,,,,,,,,,,,,,,,,,,,,,,,,,,,,,,,,,,,,,,,,,,,,,,,,,,,,,,,,,,,,,,,,,,,,,,,,,,,,,,1.0,,,,,,,,,,,,,,,,
1131492,,,,,,,,,,,,,,,,,,,,,,,,,,,,,,,,,,,,,,,,,,,,,,,,,,,,,,,,,,,,,,,,,,,,,,,,,,,,,,,,,,,,,,,,,,,,,,,,,,,,,,,,,,,,,,,,,,,,,,,,,8.0,,,,,,,,,,,,,,,
1229489,,,,,0.0137819267355114,,,,,0.0137819267355114,,,,,,,,,,,,,,,,,0.0137819267355114,,,,,,0.02885920030552044,,,,,,,,,,,,,,,,,,,,,,,,0.9081372459663613,,,,,,,,,,,,,,,,,,,,,0.04912036903225456,,,0.8452349501985954,,,,0.0137819267355114,,,,,,,,,,,,,,,,,,,,,,,,,,,,,,,,,,,,,6.0,,,,,,,,,,,,,,
1499392,,,,,,,,,,,,,,,,,,,,,,,,,,,,,,,,,0.33309320743755605,,,,,,,,,,,,,,,,,,,,,0.014302649060816712,,0.3485119256428165,0.27165294410354834,,,,,,,,,,,,,,,,,0.014302649060816712,,,,,,,0.21787209217697306,,,,,,,,,,,,,,,,,,0.054055843650980276,,,,,,,,,,,,,,,,,,,,,,,,1.0,,,,,,,,,,,,,
1570339,,,,,,,,,,,,,,,,,,,,,,,,,,,,,,0.01876664448372091,,,,,,,,,,,,,,,,,,,,,,,,,,,,,,,,,,,,,,,,,,,,,,,,,,,,,,,,,,,,,,,,,,,,,,,,,,,,,,,,,,,,,0.43336683563145906,,,,,,,,,15.0,,,1.865150809278851,,,,,,,,,
1643826,,,,,,,,,,,,,,,,,,,,,,,,,,,,,,,,,,,,,,,,,,,,,,,,,,,,,,,,,,,,,,,,,,,,,,,,,,,,,,,,,,,,,,,,,,,,,,,,,,,,,,,,,,,,,,,,,,,,,,,,,,,,,1.0,,,,,,,,,,,
1674805,,,,,,,,,,0.18201786335833606,,0.18201786335833606,0.18201786335833606,0.18201786335833606,,,,,,,,,,,,,,,,,,,,,,,,,,,,,,,,,,,,,,,,,,,,,,,,,,,0.18201786335833606,,,,,0.18201786335833606,,,,,,,,,,,,,,,,,,,,,,,,,,,,,,,,,,,,,,,,,,,,,,,,,,,,,,,,1.0,,,,,,,,,,
1686313,,,,,,,,,,,,,,,,,,,,,,,,,,,,,,,,,,,,,,,,,,,,,,,,,,,,,,,,,,,,,,,,,,,,,,,,,,,,,,,,,,,,,,,,,,,,,,,,,,,,,,,,,,,,,,,,,,,,,,,,,,,,0.13484919072114937,,,8.0,,,,,,,,,
1706371,,,,,,,,,,,,,,,,,,,,,,,,,,,,,,,,,,,,,,,,,,,,,,,,,,,,,,,,,,,,,,,,,,,,,,,,,,,,,,,,,,,,,,,,,,,,,,,,,,,,,,,,,,,,,,,,,,,,,,,,,,,,,,,,1.0,,,,,,,,
1752198,,,,,,,,,,,,,,,,,,,,,,,,,,,,,,,,,,,,,,,0.02392106972245403,,,,,,,,,,,,,,,,,,0.02392106972245403,,,,,,,,,,,,,,,,,0.02392106972245403,,,,,,,0.02392106972245403,,,,,,,,,,,,,,,,,,,,,,,,,,0.02392106972245403,,,,,,,,,,,,,,,,,,,,,,1.0,,,,,,,
1752202,,,,,,,,,,,,,,,,,,,,,,,,,,,,,,,,,,,,,,,,,,,,,,,,,,,,,,,,,,,,,,,,,,,,,,,,,,,,,,,,,,,,,,,,,,,,,,,,,,,,,,,,,,,,,,,,,,,,,,,,,,,,,,,,,,1.0,,,,,,
1752204,,,,,0.08897230056776867,,,,,,,,,,0.03111140732324957,,,,,,,,0.03111140732324957,0.04671048445487603,,,,,,,,,,,,,0.027886464437840368,,0.027886464437840368,0.04671048445487603,,,,,,0.04217350407371343,,,,,,,,0.0607164136456297,,,1.9680797164962236,,,,,,,,,,,,,,,,,0.020196792770390173,,,,0.07453983355578352,,0.03111140732324957,0.04809339624031406,,,,,,,,,,,,,,,,,,,,,,,,,,0.04671048445487603,,,,,,,,,,,,,,,,,,,,,,,,2.0,0.04671048445487603,,,,
1752220,,,,,,,,,,,,,,,,,,,,,,,,0.010059947451480866,,,,,,,,,,,,,,,,0.09411398543310888,,0.01660234884533594,,,,,,,,,,,,0.010059947451480866,,,0.010059947451480866,,,,,,,,,,,,,,,,,,,,,,,0.01660234884533594,,,,,,,,,,,,,,,,,,,,,,,,,,,0.010059947451480866,,,,,,,,,,,,,,,,,,,,,,,,0.010059947451480866,2.0,,,,
1775411,,,,,,,,,,,,,,,,,,,,,,,,,,,,,,,,,,,,,,,,,,,,,,,,,,,,,,,,0.4254145522798008,0.4254145522798008,,,0.4254145522798008,,,,,,,,,,,,,,,,,,,,,,,,,0.4254145522798008,,,,,,,,,,,,,,0.4254145522798008,,,,,,,,,,,,,,,,,,,,,,,,,,,,,,,,,,0.4254145522798008,,,
1799696,,,,,,,,,,,,,,,,,,,,,,,,,,,,,,,,,,,,,,,,,,,,,,,,,,,,,,,,,,,,,,,,,,,,,,,,,,,,,,,,,,,,,,,,,,,,,,,,,,,,,,,,,,,,,,,,,,,,,,,,,,,,,,,,,,,,,,3.0,,
1847725,,,,,,,,,,,,,,,,,,,,,,,,,,,,,,,,,,,,,,,,,,,,,,,,,,,,,,,,,,,,,,,,,,,,,,,,,,,,,,,,,,,,,,,,,,,,,,,,,,,,,,,,,,,,,,,,,,,,,,,,,,,,,,,,,,,,,,,1.0,
1852621,,,,,,,,,,,,,,,,,,,,,,,,,,,,,,,,,,,,,,,,,,0.21162503935114,,,,,,,,,,,,,,,,,,,,,,,,,,,,,,,,,,,,,,,,,,,,,,,,,,,,,,,,,,,,,,,,,,,,,,,,,,,,,,,,,,,,,,,,,,,,,,0.21162503935114
